time,price
2020-01-02,293.3385009765625
2020-01-03,290.4765625
2020-01-06,291.2501220703125
2020-01-07,290.2637939453125
2020-01-08,295.3854064941406
2020-01-09,299.2580261230469
2020-01-10,301.2621765136719
2020-01-13,305.1734619140625
2020-01-14,300.7490539550781
2020-01-15,304.244140625
2020-01-16,310.10137939453125
2020-01-17,313.3544616699219
2020-01-21,311.6794738769531
2020-01-22,313.9837951660156
2020-01-23,314.6324157714844
2020-01-24,313.36419677734375
2020-01-27,305.7156982421875
2020-01-28,310.0723571777344
2020-01-29,310.1207580566406
2020-01-30,314.12890625
2020-01-31,305.8802490234375
2020-02-03,314.1869812011719
2020-02-04,318.64056396484375
2020-02-05,317.8660888671875
2020-02-06,318.81488037109375
2020-02-07,316.58807373046875
2020-02-10,319.763671875
2020-02-11,320.38336181640625
2020-02-12,323.5201110839844
2020-02-13,325.1465759277344
2020-02-14,330.09393310546875
2020-02-18,330.37469482421875
2020-02-19,333.5889892578125
2020-02-20,333.48248291015625
2020-02-21,328.8837585449219
2020-02-24,314.3322448730469
2020-02-25,293.245849609375
2020-02-26,288.5502624511719
2020-02-27,276.71929931640625
2020-02-28,281.00823974609375
2020-03-02,296.97320556640625
2020-03-03,282.7025146484375
2020-03-04,292.73260498046875
2020-03-05,281.47296142578125
2020-03-06,277.8714294433594
2020-03-09,253.66746520996094
2020-03-10,271.6365051269531
2020-03-11,261.1706848144531
2020-03-12,233.8105010986328
2020-03-13,261.4126892089844
2020-03-16,228.14675903320312
2020-03-17,230.30575561523438
2020-03-18,220.6725311279297
2020-03-19,219.9174041748047
2020-03-20,204.688232421875
2020-03-23,196.82681274414062
2020-03-24,229.52151489257812
2020-03-25,248.31349182128906
2020-03-26,254.80018615722656
2020-03-27,239.76466369628906
2020-03-30,245.18634033203125
2020-03-31,233.86859130859375
2020-04-01,221.33091735839844
2020-04-02,231.27386474609375
2020-04-03,229.4827880859375
2020-04-06,257.47222900390625
2020-04-07,250.83071899414062
2020-04-08,262.7284240722656
2020-04-09,261.22540283203125
2020-04-13,255.34927368164062
2020-04-14,262.5054016113281
2020-04-15,249.33741760253906
2020-04-16,239.27243041992188
2020-04-17,252.08160400390625
2020-04-20,244.09161376953125
2020-04-21,237.90521240234375
2020-04-22,249.11444091796875
2020-04-23,248.0962677001953
2020-04-24,250.90835571289062
2020-04-27,257.0752868652344
2020-04-28,256.57110595703125
2020-04-29,275.0818786621094
2020-04-30,266.6264343261719
2020-05-01,260.58544921875
2020-05-04,261.0896911621094
2020-05-05,265.6664733886719
2020-05-06,264.17315673828125
2020-05-07,270.0201721191406
2020-05-08,273.86968994140625
2020-05-11,272.6965637207031
2020-05-12,263.85321044921875
2020-05-13,260.99273681640625
2020-05-14,268.8954162597656
2020-05-15,270.4759216308594
2020-05-18,281.1033935546875
2020-05-19,281.9081726074219
2020-05-20,289.7332763671875
2020-05-21,285.3310546875
2020-05-22,285.96142578125
2020-05-26,294.1258850097656
2020-05-27,290.6738586425781
2020-05-28,293.1271667480469
2020-05-29,291.75994873046875
2020-06-01,292.25445556640625
2020-06-02,294.3780517578125
2020-06-03,297.75244140625
2020-06-04,292.22540283203125
2020-06-05,302.4165344238281
2020-06-08,300.9909973144531
2020-06-09,302.0382385253906
2020-06-10,303.64788818359375
2020-06-11,282.4124450683594
2020-06-12,288.7539978027344
2020-06-15,288.15283203125
2020-06-16,295.24102783203125
2020-06-17,294.5428466796875
2020-06-18,295.59979248046875
2020-06-19,287.503173828125
2020-06-22,295.20220947265625
2020-06-23,297.5682067871094
2020-06-24,285.088623046875
2020-06-25,288.9672546386719
2020-06-26,280.5603942871094
2020-06-29,284.04144287109375
2020-06-30,286.72735595703125
2020-07-01,292.0314636230469
2020-07-02,293.2435302734375
2020-07-06,296.2978515625
2020-07-07,290.8097229003906
2020-07-08,291.4310607910156
2020-07-09,286.0325012207031
2020-07-10,287.0909118652344
2020-07-13,281.7507019042969
2020-07-14,290.2658386230469
2020-07-15,296.83929443359375
2020-07-16,290.65435791015625
2020-07-17,295.22747802734375
2020-07-20,302.89794921875
2020-07-21,298.66461181640625
2020-07-22,304.26702880859375
2020-07-23,300.8978576660156
2020-07-24,298.0043640136719
2020-07-27,299.8880920410156
2020-07-28,297.4315490722656
2020-07-29,300.3152770996094
2020-07-30,300.0238952636719
2020-07-31,299.5675964355469
2020-08-03,303.50970458984375
2020-08-04,305.2573547363281
2020-08-05,318.4721374511719
2020-08-06,320.5499267578125
2020-08-07,318.4914855957031
2020-08-10,313.5007629394531
2020-08-11,318.9964294433594
2020-08-12,318.11279296875
2020-08-13,316.7146301269531
2020-08-14,317.306884765625
2020-08-17,320.6372375488281
2020-08-18,321.3849182128906
2020-08-19,322.744140625
2020-08-20,327.5213928222656
2020-08-21,327.3077087402344
2020-08-24,333.65771484375
2020-08-25,337.56097412109375
2020-08-26,340.8233337402344
2020-08-27,345.65869140625
2020-08-28,355.4847717285156
2020-08-31,347.7850646972656
2020-09-01,346.5325622558594
2020-09-02,350.22216796875
2020-09-03,333.8519287109375
2020-09-04,325.27838134765625
2020-09-08,320.2973937988281
2020-09-09,329.77398681640625
2020-09-10,323.2103271484375
2020-09-11,320.5595397949219
2020-09-14,328.76416015625
2020-09-15,329.2884521484375
2020-09-16,331.91973876953125
2020-09-17,329.5700378417969
2020-09-18,325.5211181640625
2020-09-21,318.3263854980469
2020-09-22,325.5697326660156
2020-09-23,315.1029052734375
2020-09-24,318.67596435546875
2020-09-25,322.1423034667969
2020-09-28,328.5602722167969
2020-09-29,326.4630126953125
2020-09-30,328.3466491699219
2020-10-01,333.39556884765625
2020-10-02,328.98736572265625
2020-10-05,333.27899169921875
2020-10-06,327.6281433105469
2020-10-07,333.91009521484375
2020-10-08,335.51409912109375
2020-10-09,342.552001953125
2020-10-12,342.21173095703125
2020-10-13,336.184814453125
2020-10-14,333.1325988769531
2020-10-15,329.1177978515625
2020-10-16,329.92462158203125
2020-10-19,322.41046142578125
2020-10-20,322.45904541015625
2020-10-21,324.1116027832031
2020-10-22,324.2865295410156
2020-10-23,320.40789794921875
2020-10-26,309.1803894042969
2020-10-27,308.25689697265625
2020-10-28,283.245361328125
2020-10-29,284.9949645996094
2020-10-30,280.581787109375
2020-11-02,281.8746337890625
2020-11-03,287.1433410644531
2020-11-04,298.62353515625
2020-11-05,307.6931457519531
2020-11-06,304.8837585449219
2020-11-09,334.9405822753906
2020-11-10,325.4336242675781
2020-11-11,323.1104431152344
2020-11-12,319.1247863769531
2020-11-13,325.6766052246094
2020-11-16,326.0849609375
2020-11-17,327.1056213378906
2020-11-18,326.56121826171875
2020-11-19,324.55877685546875
2020-11-20,313.9825134277344
2020-11-23,322.7701416015625
2020-11-24,332.8311767578125
2020-11-25,331.7909851074219
2020-11-27,329.603759765625
2020-11-30,327.115234375
2020-12-01,329.4190979003906
2020-12-02,330.7217712402344
2020-12-03,325.78363037109375
2020-12-04,334.7364807128906
2020-12-07,331.44110107421875
2020-12-08,331.2758483886719
2020-12-09,327.4458923339844
2020-12-10,322.26458740234375
2020-12-11,318.27911376953125
2020-12-14,321.90496826171875
2020-12-15,324.3351745605469
2020-12-16,322.82843017578125
2020-12-17,327.4944152832031
2020-12-18,330.82867431640625
2020-12-21,325.03509521484375
2020-12-22,322.9644470214844
2020-12-23,320.0385437011719
2020-12-24,326.61956787109375
2020-12-28,334.85308837890625
2020-12-29,336.9819641113281
2020-12-30,345.62371826171875
2020-12-31,346.9749755859375
2021-01-04,341.6771240234375
2021-01-05,337.720703125
2021-01-06,337.84716796875
2021-01-07,340.5237121582031
2021-01-08,344.40728759765625
2021-01-11,338.9080505371094
2021-01-12,333.7689208984375
2021-01-13,337.0878601074219
2021-01-14,318.20556640625
2021-01-15,314.6335754394531
2021-01-19,317.24200439453125
2021-01-20,325.9726867675781
2021-01-21,325.5152282714844
2021-01-22,320.21063232421875
2021-01-25,320.4053039550781
2021-01-26,318.9551086425781
2021-01-27,307.0709228515625
2021-01-28,315.6263427734375
2021-01-29,307.8496398925781
2021-02-01,312.9789123535156
2021-02-02,325.4471435546875
2021-02-03,323.9385070800781
2021-02-04,331.7347106933594
2021-02-05,329.710205078125
2021-02-08,328.0361328125
2021-02-09,324.54193115234375
2021-02-10,325.29132080078125
2021-02-11,333.7202453613281
2021-02-12,331.900146484375
2021-02-16,332.10455322265625
2021-02-17,328.32806396484375
2021-02-18,329.4278259277344
2021-02-19,324.2791442871094
2021-02-22,331.5691833496094
2021-02-23,341.0688171386719
2021-02-24,357.5178527832031
2021-02-25,345.1080322265625
2021-02-26,344.40728759765625
2021-03-01,353.2157287597656
2021-03-02,353.1379089355469
2021-03-03,350.636474609375
2021-03-04,340.1733703613281
2021-03-05,351.2496643066406
2021-03-08,361.4207763671875
2021-03-09,366.4722595214844
2021-03-10,371.5141296386719
2021-03-11,374.12249755859375
2021-03-12,372.49713134765625
2021-03-15,371.5724792480469
2021-03-16,372.1759338378906
2021-03-17,368.5745849609375
2021-03-18,357.206298828125
2021-03-19,346.99627685546875
2021-03-22,348.8358459472656
2021-03-23,345.78936767578125
2021-03-24,350.0525207519531
2021-03-25,348.7969055175781
2021-03-26,356.36932373046875
2021-03-29,353.2254333496094
2021-03-30,348.6411437988281
2021-03-31,346.5484924316406
2021-04-01,353.6050109863281
2021-04-05,358.49114990234375
2021-04-06,359.7077331542969
2021-04-07,361.1773986816406
2021-04-08,368.09625244140625
2021-04-09,370.37646484375
2021-04-12,370.142578125
2021-04-13,368.4762268066406
2021-04-14,368.6614074707031
2021-04-15,376.6228332519531
2021-04-16,376.3109436035156
2021-04-19,372.40338134765625
2021-04-20,367.0145263671875
2021-04-21,373.3193664550781
2021-04-22,373.57269287109375
2021-04-23,377.1781921386719
2021-04-26,377.5777587890625
2021-04-27,379.13690185546875
2021-04-28,385.5489196777344
2021-04-29,379.0200500488281
2021-04-30,372.3058166503906
2021-05-03,369.7138366699219
2021-05-04,366.31292724609375
2021-05-05,359.7157287597656
2021-05-06,365.8938903808594
2021-05-07,365.8159484863281
2021-05-10,356.9872131347656
2021-05-11,358.2247619628906
2021-05-12,347.515380859375
2021-05-13,350.8285827636719
2021-05-14,354.6192932128906
2021-05-17,354.0248107910156
2021-05-18,353.8006896972656
2021-05-19,351.7641296386719
2021-05-20,358.3125
2021-05-21,358.2150573730469
2021-05-24,362.873046875
2021-05-25,357.8447570800781
2021-05-26,353.39141845703125
2021-05-27,352.7580261230469
2021-05-28,351.3742370605469
2021-06-01,350.6044616699219
2021-06-02,357.4842529296875
2021-06-03,352.5826416015625
2021-06-04,356.6754150390625
2021-06-07,354.7849426269531
2021-06-08,355.9347839355469
2021-06-09,354.05413818359375
2021-06-10,354.999267578125
2021-06-11,356.1686706542969
2021-06-14,357.16259765625
2021-06-15,358.7217712402344
2021-06-16,354.5316162109375
2021-06-17,357.9129638671875
2021-06-18,358.0396728515625
2021-06-21,363.5649108886719
2021-06-22,368.3885498046875
2021-06-23,365.56256103515625
2021-06-24,365.1824645996094
2021-06-25,369.9184265136719
2021-06-28,358.29302978515625
2021-06-29,358.6048583984375
2021-06-30,355.7691650390625
2021-07-01,361.24560546875
2021-07-02,365.45538330078125
2021-07-06,366.51751708984375
2021-07-07,364.3736877441406
2021-07-08,361.16400146484375
2021-07-09,363.8468322753906
2021-07-12,366.4029541015625
2021-07-13,374.3542785644531
2021-07-14,381.2713928222656
2021-07-15,380.71527099609375
2021-07-16,377.6811828613281
2021-07-19,356.5395202636719
2021-07-20,365.261474609375
2021-07-21,370.7932434082031
2021-07-22,372.84210205078125
2021-07-23,383.6714172363281
2021-07-26,383.2226867675781
2021-07-27,380.7542724609375
2021-07-28,374.0909118652344
2021-07-29,379.3299560546875
2021-07-30,376.5299377441406
2021-08-02,366.1103210449219
2021-08-03,358.6370849609375
2021-08-04,359.0370788574219
2021-08-05,362.87127685546875
2021-08-06,365.3981018066406
2021-08-09,361.6419677734375
2021-08-10,358.8711853027344
2021-08-11,355.3590087890625
2021-08-12,353.1540832519531
2021-08-13,353.90533447265625
2021-08-16,354.69561767578125
2021-08-17,354.3736572265625
2021-08-18,352.1492004394531
2021-08-19,348.5978698730469
2021-08-20,346.3345031738281
2021-08-23,352.207763671875
2021-08-24,352.9590148925781
2021-08-25,350.3442687988281
2021-08-26,344.2564392089844
2021-08-27,347.0565185546875
2021-08-30,344.4418029785156
2021-08-31,337.78814697265625
2021-09-01,341.0466613769531
2021-09-02,332.958740234375
2021-09-03,331.93438720703125
2021-09-07,336.30517578125
2021-09-08,342.4808044433594
2021-09-09,342.8418273925781
2021-09-10,338.91986083984375
2021-09-13,339.3393249511719
2021-09-14,337.36865234375
2021-09-15,336.3441467285156
2021-09-16,337.8661193847656
2021-09-17,334.6758728027344
2021-09-20,331.40753173828125
2021-09-21,329.1539306640625
2021-09-22,335.0368957519531
2021-09-23,345.43701171875
2021-09-24,349.4272155761719
2021-09-27,348.071044921875
2021-09-28,342.617431640625
2021-09-29,344.5783996582031
2021-09-30,339.20281982421875
2021-10-01,351.39794921875
2021-10-04,335.8076477050781
2021-10-05,334.8417663574219
2021-10-06,340.18817138671875
2021-10-07,345.7171630859375
2021-10-08,346.7427978515625
2021-10-11,339.1136474609375
2021-10-12,337.3454895019531
2021-10-13,334.4247741699219
2021-10-14,336.60308837890625
2021-10-15,347.75872802734375
2021-10-18,350.1422424316406
2021-10-19,353.717529296875
2021-10-20,348.5108642578125
2021-10-21,347.9638671875
2021-10-22,350.366943359375
2021-10-25,352.50616455078125
2021-10-26,349.0482177734375
2021-10-27,327.9482421875
2021-10-28,325.3204650878906
2021-10-29,327.7527770996094
2021-11-01,326.31683349609375
2021-11-02,320.8758850097656
2021-11-03,321.8038024902344
2021-11-04,327.6648864746094
2021-11-05,340.7157287597656
2021-11-08,341.57525634765625
2021-11-09,336.6714782714844
2021-11-10,349.6537780761719
2021-11-11,346.1371154785156
2021-11-12,355.08514404296875
2021-11-15,352.9945983886719
2021-11-16,361.0048522949219
2021-11-17,350.85540771484375
2021-11-18,340.1588134765625
2021-11-19,331.85565185546875
2021-11-22,313.86199951171875
2021-11-23,321.3837585449219
2021-11-24,332.12908935546875
2021-11-26,316.6656494140625
2021-11-29,315.532470703125
2021-11-30,307.62969970703125
2021-12-01,299.1897277832031
2021-12-02,312.7875061035156
2021-12-03,314.6532287597656
2021-12-06,325.613525390625
2021-12-07,331.6505126953125
2021-12-08,334.41497802734375
2021-12-09,336.54443359375
2021-12-10,341.81951904296875
2021-12-13,337.3161926269531
2021-12-14,332.66632080078125
2021-12-15,338.3321228027344
2021-12-16,344.75
2021-12-17,341.2236022949219
2021-12-20,329.21807861328125
2021-12-21,342.6204528808594
2021-12-22,349.2044982910156
2021-12-23,352.2326965332031
2021-12-27,351.9689636230469
2021-12-28,352.42803955078125
2021-12-29,352.9263000488281
2021-12-30,352.6331787109375
2021-12-31,351.00189208984375
2022-01-03,362.3626403808594
2022-01-04,366.699951171875
2022-01-05,365.24432373046875
2022-01-06,361.9089660644531
2022-01-07,361.56658935546875
2022-01-10,355.9521484375
2022-01-11,358.28009033203125
2022-01-12,359.2778015136719
2022-01-13,361.4394226074219
2022-01-14,364.0021057128906
2022-01-18,358.28985595703125
2022-01-19,352.8416748046875
2022-01-20,356.0401306152344
2022-01-21,347.31524658203125
2022-01-24,341.7789611816406
2022-01-25,331.3520812988281
2022-01-26,337.123046875
2022-01-27,342.86474609375
2022-01-28,374.1453552246094
2022-01-31,377.93072509765625
2022-02-01,383.48651123046875
2022-02-02,388.0739440917969
2022-02-03,381.5400695800781
2022-02-04,373.8421936035156
2022-02-07,367.9049377441406
2022-02-08,366.1833801269531
2022-02-09,373.03033447265625
2022-02-10,366.20294189453125
2022-02-11,361.6839599609375
2022-02-14,365.97796630859375
2022-02-15,373.1966247558594
2022-02-16,374.55621337890625
2022-02-17,365.5280456542969
2022-02-18,361.86004638671875
2022-02-22,360.2363586425781
2022-02-23,353.3306884765625
2022-02-24,361.302490234375
2022-02-25,361.0188293457031
2022-02-28,352.9296875
2022-03-01,336.947021484375
2022-03-02,336.5655212402344
2022-03-03,333.5332946777344
2022-03-04,323.52703857421875
2022-03-07,306.0771484375
2022-03-08,307.456298828125
2022-03-09,320.9545593261719
2022-03-10,317.491943359375
2022-03-11,317.6875915527344
2022-03-14,321.4044494628906
2022-03-15,327.67431640625
2022-03-16,337.14263916015625
2022-03-17,338.8641662597656
2022-03-18,342.434326171875
2022-03-21,338.0229187011719
2022-03-22,341.88653564453125
2022-03-23,334.6972961425781
2022-03-24,341.71051025390625
2022-03-25,341.3877258300781
2022-03-28,342.8255920410156
2022-03-29,359.51251220703125
2022-03-30,354.318603515625
2022-03-31,349.5649108886719
2022-04-01,356.0107727050781
2022-04-04,358.8865051269531
2022-04-05,355.3750305175781
2022-04-06,345.8186340332031
2022-04-07,342.380615234375
2022-04-08,345.0448303222656
2022-04-11,340.245361328125
2022-04-12,338.70758056640625
2022-04-13,347.85601806640625
2022-04-14,350.4810791015625
2022-04-18,349.4819030761719
2022-04-19,356.4069519042969
2022-04-20,357.79779052734375
2022-04-21,356.9653015136719
2022-04-22,343.9771728515625
2022-04-25,347.3270263671875
2022-04-26,337.0522155761719
2022-04-27,354.15411376953125
2022-04-28,371.06011962890625
2022-04-29,355.927001953125
2022-05-02,351.676025390625
2022-05-03,350.4516296386719
2022-05-04,360.9615478515625
2022-05-05,346.1223449707031
2022-05-06,340.0005187988281
2022-05-09,321.2627868652344
2022-05-10,318.6573791503906
2022-05-11,319.18634033203125
2022-05-12,314.6513366699219
2022-05-13,325.97418212890625
2022-05-16,322.96722412109375
2022-05-17,331.909912109375
2022-05-18,329.01055908203125
2022-05-19,325.4061279296875
2022-05-20,329.28485107421875
2022-05-23,341.28363037109375
2022-05-24,333.7023620605469
2022-05-25,337.6889343261719
2022-05-26,342.71368408203125
2022-05-27,350.4418640136719
2022-05-31,350.52996826171875
2022-06-01,349.736572265625
2022-06-02,355.6331481933594
2022-06-03,350.4810791015625
2022-06-06,352.75347900390625
2022-06-07,356.5538024902344
2022-06-08,354.8985595703125
2022-06-09,341.8419494628906
2022-06-10,327.8841857910156
2022-06-13,313.18206787109375
2022-06-14,315.5328674316406
2022-06-15,318.7161865234375
2022-06-16,302.44683837890625
2022-06-17,304.3175964355469
2022-06-21,310.8900451660156
2022-06-22,309.6657409667969
2022-06-23,310.2631530761719
2022-06-24,323.7213439941406
2022-06-27,322.0856018066406
2022-06-28,311.7618408203125
2022-06-29,315.9736328125
2022-06-30,309.0094299316406
2022-07-01,311.7127990722656
2022-07-05,312.7119140625
2022-07-06,313.60321044921875
2022-07-07,317.9098205566406
2022-07-08,316.91900634765625
2022-07-11,318.0275573730469
2022-07-12,316.7227783203125
2022-07-13,317.2230529785156
2022-07-14,318.85150146484375
2022-07-15,326.2481994628906
2022-07-18,324.7178649902344
2022-07-19,333.9097595214844
2022-07-20,334.7828674316406
2022-07-21,340.3254089355469
2022-07-22,337.34320068359375
2022-07-25,337.6669921875
2022-07-26,334.7925720214844
2022-07-27,336.7447814941406
2022-07-28,345.75030517578125
2022-07-29,347.0648193359375
2022-08-01,343.8766174316406
2022-08-02,342.375732421875
2022-08-03,347.39837646484375
2022-08-04,349.3015441894531
2022-08-05,350.71417236328125
2022-08-08,345.4658203125
2022-08-09,339.95263671875
2022-08-10,346.6626281738281
2022-08-11,343.9158630371094
2022-08-12,347.5356750488281
2022-08-15,353.10772705078125
2022-08-16,352.4210205078125
2022-08-17,348.5755310058594
2022-08-18,350.5669860839844
2022-08-19,347.5455322265625
2022-08-22,338.9422302246094
2022-08-23,334.4100341796875
2022-08-24,333.2524719238281
2022-08-25,338.1182556152344
2022-08-26,325.6498107910156
2022-08-29,323.08935546875
2022-08-30,321.5787048339844
2022-08-31,318.2040710449219
2022-09-01,319.0673522949219
2022-09-02,316.428466796875
2022-09-06,317.9195556640625
2022-09-07,322.373291015625
2022-09-08,323.7957458496094
2022-09-09,329.4658203125
2022-09-12,331.98699951171875
2022-09-13,319.2537841796875
2022-09-14,319.6559753417969
2022-09-15,310.9349365234375
2022-09-16,309.1397705078125
2022-09-19,308.06060791015625
2022-09-20,307.3150634765625
2022-09-21,298.7117919921875
2022-09-22,292.6884765625
2022-09-23,287.9993591308594
2022-09-26,284.59527587890625
2022-09-27,281.03436279296875
2022-09-28,284.66400146484375
2022-09-29,281.3188171386719
2022-09-30,278.93505859375
2022-10-03,284.95831298828125
2022-10-04,295.5431823730469
2022-10-05,298.41748046875
2022-10-06,294.0155334472656
2022-10-07,289.829833984375
2022-10-10,286.6954040527344
2022-10-11,281.0652160644531
2022-10-12,278.4417724609375
2022-10-13,288.8373718261719
2022-10-14,283.65924072265625
2022-10-17,289.8985595703125
2022-10-18,295.1454772949219
2022-10-19,292.5711669921875
2022-10-20,291.1169738769531
2022-10-21,297.1007995605469
2022-10-24,300.27459716796875
2022-10-25,305.9832763671875
2022-10-26,313.94219970703125
2022-10-27,313.80462646484375
2022-10-28,323.72857666015625
2022-10-31,322.4610290527344
2022-11-01,327.3837585449219
2022-11-02,314.2467346191406
2022-11-03,303.7823181152344
2022-11-04,312.8219909667969
2022-11-07,319.4642028808594
2022-11-08,320.0733947753906
2022-11-09,310.1396179199219
2022-11-10,331.3926696777344
2022-11-11,333.3774719238281
2022-11-14,333.4560241699219
2022-11-15,337.52392578125
2022-11-16,336.7869567871094
2022-11-17,335.32293701171875
2022-11-18,337.7008056640625
2022-11-21,332.3555908203125
2022-11-22,338.94866943359375
2022-11-23,342.5646057128906
2022-11-25,345.1683654785156
2022-11-28,338.5850524902344
2022-11-29,337.1505432128906
2022-11-30,350.1893005371094
2022-12-01,354.5126037597656
2022-12-02,353.78546142578125
2022-12-05,349.88470458984375
2022-12-06,341.4739074707031
2022-12-07,341.36578369140625
2022-12-08,345.0504455566406
2022-12-09,342.751220703125
2022-12-12,351.9284362792969
2022-12-13,350.9261779785156
2022-12-14,351.27996826171875
2022-12-15,340.21624755859375
2022-12-16,339.8133239746094
2022-12-19,335.3132019042969
2022-12-20,336.97369384765625
2022-12-21,339.6658630371094
2022-12-22,335.5685729980469
2022-12-23,337.6123352050781
2022-12-27,340.12774658203125
2022-12-28,335.9910888671875
2022-12-29,342.1420593261719
2022-12-30,341.67034912109375
2023-01-03,340.7565002441406
2023-01-04,348.9610595703125
2023-01-05,345.6399841308594
2023-01-06,361.8492431640625
2023-01-09,365.0969543457031
2023-01-10,365.1363220214844
2023-01-11,371.8779296875
2023-01-12,373.79705810546875
2023-01-13,369.574951171875
2023-01-17,369.063232421875
2023-01-18,363.0794982910156
2023-01-19,362.11492919921875
2023-01-20,370.32293701171875
2023-01-23,372.57666015625
2023-01-24,373.9938659667969
2023-01-25,376.3361511230469
2023-01-26,371.2677307128906
2023-01-27,368.1085510253906
2023-01-30,365.24456787109375
2023-01-31,364.73284912109375
2023-02-01,368.1577453613281
2023-02-02,369.0041198730469
2023-02-03,367.990478515625
2023-02-06,367.0652770996094
2023-02-07,369.1222839355469
2023-02-08,364.48681640625
2023-02-09,364.55572509765625
2023-02-10,361.0224914550781
2023-02-13,364.95916748046875
2023-02-14,364.10296630859375
2023-02-15,363.7880554199219
2023-02-16,361.73114013671875
2023-02-17,355.4127502441406
2023-02-21,350.3246154785156
2023-02-22,349.35028076171875
2023-02-23,349.9013671875
2023-02-24,347.529541015625
2023-02-27,349.8522644042969
2023-02-28,349.6651916503906
2023-03-01,347.903564453125
2023-03-02,349.9407958984375
2023-03-03,355.77691650390625
2023-03-06,361.12091064453125
2023-03-07,354.2415771484375
2023-03-08,353.3460388183594
2023-03-09,348.8287048339844
2023-03-10,341.61468505859375
2023-03-13,339.252685546875
2023-03-14,347.2343444824219
2023-03-15,342.5693054199219
2023-03-16,342.4906005859375
2023-03-17,344.12432861328125
2023-03-20,343.7897644042969
2023-03-21,348.95660400390625
2023-03-22,345.4726867675781
2023-03-23,348.7597961425781
2023-03-24,346.0632019042969
2023-03-27,349.0058288574219
2023-03-28,348.72039794921875
2023-03-29,353.838134765625
2023-03-30,353.5724182128906
2023-03-31,357.65667724609375
2023-04-03,360.668212890625
2023-04-04,358.138916015625
2023-04-05,358.5923156738281
2023-04-06,356.3054504394531
2023-04-10,354.9944763183594
2023-04-11,358.927490234375
2023-04-12,356.611083984375
2023-04-13,364.36859130859375
2023-04-14,367.1088562011719
2023-04-17,367.4341735839844
2023-04-18,367.0004577636719
2023-04-19,367.47357177734375
2023-04-20,369.6421813964844
2023-04-21,369.8787536621094
2023-04-24,369.3760070800781
2023-04-25,363.2646484375
2023-04-26,361.5198974609375
2023-04-27,368.3311462402344
2023-04-28,374.6003112792969
2023-05-01,374.4327392578125
2023-05-02,370.6574401855469
2023-05-03,369.54351806640625
2023-05-04,370.74615478515625
2023-05-05,379.1641540527344
2023-05-08,380.00201416015625
2023-05-09,377.4687194824219
2023-05-10,377.074462890625
2023-05-11,377.91229248046875
2023-05-12,376.46331787109375
2023-05-15,377.9320373535156
2023-05-16,374.80731201171875
2023-05-17,381.4707336425781
2023-05-18,386.4189758300781
2023-05-19,380.0611267089844
2023-05-22,379.0360412597656
2023-05-23,368.4100341796875
2023-05-24,363.2350158691406
2023-05-25,364.7530517578125
2023-05-26,369.0212097167969
2023-05-30,362.2492980957031
2023-05-31,359.8048095703125
2023-06-01,365.5810241699219
2023-06-02,368.3903503417969
2023-06-05,365.22613525390625
2023-06-06,374.53131103515625
2023-06-07,366.0837097167969
2023-06-08,362.3380126953125
2023-06-09,363.94476318359375
2023-06-12,369.94775390625
2023-06-13,366.0739440917969
2023-06-14,369.4056396484375
2023-06-15,373.6244812011719
2023-06-16,371.1502685546875
2023-06-20,369.26763916015625
2023-06-21,370.765869140625
2023-06-22,372.4021301269531
2023-06-23,374.3834533691406
2023-06-26,372.0276184082031
2023-06-27,376.3351135253906
2023-06-28,374.7974548339844
2023-06-29,382.13116455078125
2023-06-30,387.6806945800781
2023-07-03,388.33123779296875
2023-07-05,389.0903015136719
2023-07-06,388.0834045410156
2023-07-07,383.6808166503906
2023-07-10,387.1159362792969
2023-07-11,392.6834411621094
2023-07-12,395.53631591796875
2023-07-13,395.407958984375
2023-07-14,397.3329162597656
2023-07-17,397.0268859863281
2023-07-18,393.0388488769531
2023-07-19,393.14739990234375
2023-07-20,392.9400939941406
2023-07-21,392.3774719238281
2023-07-24,399.58355712890625
2023-07-25,396.11871337890625
2023-07-26,397.2341613769531
2023-07-27,389.4259033203125
2023-07-28,387.90570068359375
2023-07-31,389.208740234375
2023-08-01,391.9628601074219
2023-08-02,385.0035095214844
2023-08-03,387.955078125
2023-08-04,386.31640625
2023-08-07,391.7654113769531
2023-08-08,388.1327209472656
2023-08-09,388.6065673828125
2023-08-10,392.0319519042969
2023-08-11,389.8997497558594
2023-08-14,393.453369140625
2023-08-15,389.3765563964844
2023-08-16,389.2975769042969
2023-08-17,387.5700988769531
2023-08-18,387.12591552734375
2023-08-21,388.1426696777344
2023-08-22,392.72296142578125
2023-08-23,395.9015197753906
2023-08-24,392.5551452636719
2023-08-25,397.7079772949219
2023-08-28,402.199462890625
2023-08-29,406.35528564453125
2023-08-30,408.58624267578125
2023-08-31,407.33258056640625
2023-09-01,410.2248840332031
2023-09-05,406.2072448730469
2023-09-06,407.86566162109375
2023-09-07,409.2871398925781
2023-09-08,409.5042724609375
2023-09-11,411.3304748535156
2023-09-12,410.9158935546875
2023-09-13,410.945556640625
2023-09-14,408.0235595703125
2023-09-15,408.98114013671875
2023-09-18,411.76483154296875
2023-09-19,408.2111511230469
2023-09-20,405.2398986816406
2023-09-21,398.17193603515625
2023-09-22,397.046630859375
2023-09-25,397.31317138671875
2023-09-26,390.2945861816406
2023-09-27,390.393310546875
2023-09-28,394.3023681640625
2023-09-29,390.8177185058594
2023-10-02,390.758544921875
2023-10-03,386.03009033203125
2023-10-04,388.6954345703125
2023-10-05,389.6938781738281
2023-10-06,393.4207763671875
2023-10-09,390.2276611328125
2023-10-10,395.7933654785156
2023-10-11,395.23974609375
2023-10-12,395.32867431640625
2023-10-13,393.4800720214844
2023-10-16,396.5743408203125
2023-10-17,397.17730712890625
2023-10-18,388.7151794433594
2023-10-19,383.4361877441406
2023-10-20,380.0157470703125
2023-10-23,379.2843017578125
2023-10-24,382.48724365234375
2023-10-25,381.8940734863281
2023-10-26,360.4223327636719
2023-10-27,359.9181213378906
2023-10-30,368.1628723144531
2023-10-31,372.04791259765625
2023-11-01,373.5010681152344
2023-11-02,378.3154602050781
2023-11-03,381.6370544433594
2023-11-06,381.7457580566406
2023-11-07,384.4247741699219
2023-11-08,385.24530029296875
2023-11-09,383.5251770019531
2023-11-10,389.8717956542969
2023-11-13,389.8421630859375
2023-11-14,393.10443115234375
2023-11-15,392.2938232421875
2023-11-16,392.5607604980469
2023-11-17,395.72412109375
2023-11-20,399.7772521972656
2023-11-21,404.27532958984375
2023-11-22,405.63946533203125
2023-11-24,407.7846984863281
2023-11-27,404.2950744628906
2023-11-28,404.3345947265625
2023-11-29,405.1352844238281
2023-11-30,409.0994873046875
2023-12-01,409.6233825683594
2023-12-04,403.5635070800781
2023-12-05,404.0182189941406
2023-12-06,405.6889343261719
2023-12-07,408.42718505859375
2023-12-08,407.4485778808594
2023-12-11,410.95794677734375
2023-12-12,415.9403076171875
2023-12-13,419.825439453125
2023-12-14,413.7754211425781
2023-12-15,413.7852783203125
2023-12-18,419.5782775878906
2023-12-19,420.60638427734375
2023-12-20,414.6552429199219
2023-12-21,418.5996398925781
2023-12-22,419.2520751953125
2023-12-26,418.8269958496094
2023-12-27,419.50909423828125
2023-12-28,421.4466857910156
2023-12-29,421.634521484375
2024-01-02,417.0673522949219
2024-01-03,413.98297119140625
2024-01-04,414.9715270996094
2024-01-05,414.6255798339844
2024-01-08,417.81378173828125
2024-01-09,418.4276428222656
2024-01-10,424.0417175292969
2024-01-11,422.50701904296875
2024-01-12,424.863525390625
2024-01-16,424.12091064453125
2024-01-17,423.2000732421875
2024-01-18,426.467529296875
2024-01-19,432.4676818847656
2024-01-22,435.4083251953125
2024-01-23,434.4281311035156
2024-01-24,434.3687438964844
2024-01-25,432.4874572753906
2024-01-26,434.2004089355469
2024-01-29,436.23016357421875
2024-01-30,440.79461669921875
2024-01-31,444.79473876953125
2024-02-01,456.3693542480469
2024-02-02,456.0326843261719
2024-02-05,452.25042724609375
2024-02-06,455.9535217285156
2024-02-07,457.3495788574219
2024-02-08,453.7356262207031
2024-02-09,453.359375
2024-02-12,454.18115234375
2024-02-13,455.91387939453125
2024-02-14,460.5971984863281
2024-02-15,466.6270751953125
2024-02-16,463.5081481933594
2024-02-20,447.2898864746094
2024-02-21,454.5177917480469
2024-02-22,466.90423583984375
2024-02-23,468.7459411621094
2024-02-26,469.8251647949219
2024-02-27,470.0627746582031
2024-02-28,474.1223449707031
2024-02-29,470.0727233886719
2024-03-01,471.9242248535156
2024-03-04,463.8646240234375
2024-03-05,462.9041748046875
2024-03-06,466.9438781738281
2024-03-07,462.9239807128906
2024-03-08,464.62701416015625
2024-03-11,464.52801513671875
2024-03-12,468.20135498046875
2024-03-13,470.9142761230469
2024-03-14,474.74609375
2024-03-15,471.1321105957031
2024-03-18,474.1619567871094
2024-03-19,479.22149658203125
2024-03-20,483.2215881347656
2024-03-21,483.815673828125
2024-03-22,476.9145202636719
2024-03-25,471.3400573730469
2024-03-26,472.09259033203125
2024-03-27,473.231201171875
2024-03-28,476.8154602050781
2024-04-01,473.6767578125
2024-04-02,474.69659423828125
2024-04-03,472.7064514160156
2024-04-04,465.1319580078125
2024-04-05,472.4391174316406
2024-04-08,474.779052734375
2024-04-09,468.1458740234375
2024-04-10,465.1813049316406
2024-04-11,464.3286437988281
2024-04-12,461.423583984375
2024-04-15,455.88104248046875
2024-04-16,455.91082763671875
2024-04-17,456.2478942871094
2024-04-18,450.8343505859375
2024-04-19,451.51849365234375
2024-04-22,452.8669128417969
2024-04-23,458.88531494140625
2024-04-24,458.56805419921875
2024-04-25,458.1813049316406
2024-04-26,458.48870849609375
2024-04-29,453.2139892578125
2024-04-30,447.36407470703125
2024-05-01,438.31170654296875
2024-05-02,437.3499755859375
2024-05-03,439.808837890625
2024-05-06,445.54962158203125
2024-05-07,449.208251953125
2024-05-08,450.9036865234375
2024-05-09,451.6175842285156
2024-05-10,453.094970703125
2024-05-13,453.8683776855469
2024-05-14,450.3385925292969
2024-05-15,454.10626220703125
2024-05-16,454.9688720703125
2024-05-17,456.3569641113281
2024-05-20,455.7521667480469
2024-05-21,455.1969299316406
2024-05-22,452.6388854980469
2024-05-23,447.3740539550781
2024-05-24,447.34423828125
2024-05-28,441.2961120605469
2024-05-29,438.70831298828125
2024-05-30,438.3414611816406
2024-05-31,443.2691955566406
2024-06-03,439.4221496582031
2024-06-04,440.98876953125
2024-06-05,442.86273193359375
2024-06-06,444.86553955078125
2024-06-07,445.966064453125
2024-06-10,445.4306640625
2024-06-11,445.2224426269531
2024-06-12,439.2337646484375
2024-06-13,441.2168273925781
2024-06-14,440.8499755859375
2024-06-17,444.30035400390625
2024-06-18,446.2833557128906
2024-06-20,448.6629943847656
2024-06-21,450.9830627441406
2024-06-24,453.07513427734375
2024-06-25,451.7762451171875
2024-06-26,448.5340270996094
2024-06-27,438.9859313964844
2024-06-28,437.4094543457031
2024-07-01,433.8896484375
2024-07-02,440.8697814941406
2024-07-03,444.3697814941406
2024-07-05,445.6686096191406
2024-07-08,442.44622802734375
2024-07-09,441.5724792480469
2024-07-10,430.59027099609375
2024-07-11,433.3506774902344
2024-07-12,437.0147399902344
2024-07-15,440.8773498535156
2024-07-16,440.4106750488281
2024-07-17,447.98699951171875
2024-07-18,445.564208984375
2024-07-19,440.5695495605469
2024-07-22,444.7896423339844
2024-07-23,438.6134338378906
2024-07-24,429.4085998535156
2024-07-25,426.5787048339844
2024-07-26,435.0982971191406
2024-07-29,438.19635009765625
2024-07-30,444.30316162109375
2024-07-31,460.44873046875
2024-08-01,459.15789794921875
2024-08-02,458.7705993652344
2024-08-05,438.8914794921875
2024-08-06,445.1471252441406
2024-08-07,446.67633056640625
2024-08-08,452.37591552734375
2024-08-09,453.5674743652344
2024-08-12,452.4851989746094
2024-08-13,456.1293640136719
2024-08-14,456.9237060546875
2024-08-15,465.4136047363281
2024-08-16,465.5823669433594
2024-08-19,463.69580078125
2024-08-20,465.8207092285156
2024-08-21,464.7085876464844
2024-08-22,465.5227966308594
2024-08-23,463.1595764160156
2024-08-26,465.3441162109375
2024-08-27,471.6494445800781
2024-08-28,468.48187255859375
2024-08-29,477.4185791015625
2024-08-30,479.9407043457031
2024-09-03,478.729248046875
2024-09-04,479.74212646484375
2024-09-05,474.0027770996094
2024-09-06,472.771484375
2024-09-09,483.664306640625
2024-09-10,484.5877685546875
2024-09-11,484.74664306640625
2024-09-12,488.6490173339844
2024-09-13,489.8902282714844
2024-09-16,494.2096252441406
2024-09-17,497.4665832519531
2024-09-18,491.2803649902344
2024-09-19,489.5426940917969
2024-09-20,489.27459716796875
2024-09-23,493.6436767578125
2024-09-24,483.98211669921875
2024-09-25,486.00775146484375
2024-09-26,487.8149108886719
2024-09-27,490.1682434082031
2024-09-30,490.3271179199219
2024-10-01,492.88897705078125
2024-10-02,492.08465576171875
2024-10-03,491.4888916015625
2024-10-04,494.1997375488281
2024-10-07,487.8446960449219
2024-10-08,493.5641784667969
2024-10-09,497.09393310546875
2024-10-10,495.1749267578125
2024-10-11,499.3907470703125
2024-10-14,503.765625
2024-10-15,504.33233642578125
2024-10-16,511.13330078125
2024-10-17,510.8250427246094
2024-10-18,513.3903198242188
2024-10-21,512.0679321289062
2024-10-22,510.08929443359375
2024-10-23,510.79522705078125
2024-10-24,507.7030029296875
2024-10-25,504.46160888671875
2024-10-28,505.3067321777344
2024-10-29,503.38775634765625
2024-10-30,510.7554931640625
2024-10-31,496.7359619140625
2024-11-01,505.1774597167969
2024-11-04,502.6917724609375
2024-11-05,502.6719055175781
2024-11-06,518.1528930664062
2024-11-07,514.9215087890625
2024-11-08,521.76220703125
2024-11-11,527.0916137695312
2024-11-12,526.14697265625
2024-11-13,518.898681640625
2024-11-14,517.4271240234375
2024-11-15,518.9086303710938
2024-11-18,518.6500244140625
2024-11-19,516.4924926757812
2024-11-20,509.6119689941406
2024-11-21,512.1573486328125
2024-11-22,517.8844604492188
2024-11-25,523.5916137695312
2024-11-26,525.4609375
2024-11-27,529.3386840820312
2024-11-29,529.8955078125
2024-12-02,528.3245239257812
2024-12-03,523.174072265625
2024-12-04,518.1629028320312
2024-12-05,521.772216796875
2024-12-06,525.5504150390625
2024-12-09,519.8333129882812
2024-12-10,525.9879150390625
2024-12-11,531.3968505859375
2024-12-12,529.3684692382812
2024-12-13,525.97802734375
2024-12-16,527.2804565429688
2024-12-17,527.9764404296875
2024-12-18,516.9896240234375
2024-12-19,520.2907104492188
2024-12-20,525.0135498046875
2024-12-23,525.9382934570312
2024-12-24,532.649658203125
2024-12-26,533.087158203125
2024-12-27,529.15966796875
2024-12-30,522.5477294921875
2024-12-31,523.5618286132812
2025-01-02,519.4157104492188
2025-01-03,518.381591796875
2025-01-06,509.0054931640625
2025-01-07,508.4784851074219
2025-01-08,513.4500122070312
2025-01-10,502.5265197753906
2025-01-13,502.7655334472656
2025-01-14,506.8580627441406
2025-01-15,520.13134765625
2025-01-16,520.9180908203125
2025-01-17,522.4714965820312
2025-01-21,525.817138671875
2025-01-22,524.94091796875
2025-01-23,531.950927734375
2025-01-24,531.2240600585938
2025-01-27,545.3140258789062
2025-01-28,545.0352172851562
2025-01-29,546.4691162109375
2025-01-30,563.6060791015625
2025-01-31,553.0709228515625
2025-02-03,561.5547485351562
2025-02-04,556.7352905273438
2025-02-05,563.884765625
2025-02-06,564.7510986328125
2025-02-07,560.35986328125
2025-02-10,563.0881958007812
2025-02-11,562.3016357421875
2025-02-12,562.2019653320312
2025-02-13,563.9047241210938
2025-02-14,562.361328125
2025-02-18,566.1949462890625
2025-02-19,566.08544921875
2025-02-20,560.8876953125
2025-02-21,555.14208984375
2025-02-24,556.6257934570312
2025-02-25,561.6343994140625
2025-02-26,558.8861694335938
2025-02-27,562.4210815429688
2025-02-28,573.8622436523438
2025-03-03,572.4781494140625
2025-03-04,552.7125244140625
2025-03-05,555.9287719726562
2025-03-06,547.4848022460938
2025-03-07,544.44775390625
2025-03-10,534.8386840820312
2025-03-11,523.5667724609375
2025-03-12,522.4117431640625
2025-03-13,517.6221923828125
2025-03-14,525.3989868164062
2025-03-17,529.73046875
2025-03-18,527.9381103515625
2025-03-19,533.8131103515625
2025-03-20,534.1018676757812
2025-03-21,533.414794921875
2025-03-24,541.36083984375
2025-03-25,542.8445434570312
2025-03-26,546.7379760742188
2025-03-27,555.201904296875
2025-03-28,538.3138427734375
2025-03-31,545.7920532226562
2025-04-01,546.1803588867188
2025-04-02,545.0551147460938
2025-04-03,528.2965698242188
2025-04-04,487.6898193359375
2025-04-07,483.4578552246094
2025-04-08,477.8816833496094
2025-04-09,514.0548706054688
2025-04-10,498.0078125
2025-04-11,508.3900146484375
2025-04-14,511.09283447265625
2025-04-15,515.9996948242188
2025-04-16,512.0601806640625
2025-04-17,515.9498291015625
2025-04-21,507.961181640625
2025-04-22,525.9231567382812
2025-04-23,528.5960083007812
2025-04-24,534.0314331054688
2025-04-25,532.0567016601562
2025-04-28,533.0640258789062
2025-04-29,538.2401733398438
2025-04-30,546.5978393554688
2025-05-01,545.171630859375
2025-05-02,557.8975830078125
2025-05-05,559.6229858398438
2025-05-06,557.4986572265625
2025-05-07,564.819091796875
2025-05-08,565.60693359375
2025-05-09,567.1229248046875
2025-05-12,576.7272338867188
2025-05-13,575.0517578125
2025-05-14,571.7505493164062
2025-05-15,580.6467895507812
2025-05-16,581.723876953125
2025-05-19,584.8455200195312
2025-05-20,579.5596313476562
2025-05-21,568.0205078125
2025-05-22,568.618896484375
2025-05-23,562.0764770507812
2025-05-27,573.0171508789062
2025-05-28,574.3834838867188
2025-05-29,576.2385864257812
2025-05-30,584.0376586914062
2025-06-02,579.6693725585938
2025-06-03,580.4173583984375
2025-06-04,582.5715942382812
2025-06-05,583.8781127929688
2025-06-06,588.5455932617188
2025-06-09,582.7711181640625
2025-06-10,587.9671630859375
2025-06-11,589.1639404296875
2025-06-12,587.7078857421875
2025-06-13,560.5305786132812
2025-06-16,567.15283203125
2025-06-17,567.9307861328125
2025-06-18,537.292724609375
2025-06-20,531.5480346679688
2025-06-23,540.9030151367188
2025-06-24,556.0425415039062
2025-06-25,548.2334594726562
2025-06-26,544.3538208007812
2025-06-27,548.851806640625
2025-06-30,560.4407958984375
2025-07-01,563.1036987304688
2025-07-02,560.0219116210938
2025-07-03,567.7213134765625
2025-07-07,563.6123046875
2025-07-08,560.939453125
2025-07-09,564.3649291992188
2025-07-10,562.7770385742188
2025-07-11,549.45458984375
2025-07-14,552.2908935546875
2025-07-15,549.6343383789062
2025-07-16,554.78759765625
2025-07-17,554.87744140625
2025-07-18,551.9313354492188
2025-07-21,553.9187622070312
2025-07-22,558.0233154296875
2025-07-23,561.3489379882812
2025-07-24,562.757080078125
2025-07-25,567.4708251953125
2025-07-28,567.53076171875
2025-07-29,562.5772705078125
2025-07-30,558.372802734375
2025-07-31,565.7230834960938
2025-08-01,559.15185546875
2025-08-04,569.0587158203125
2025-08-05,565.293701171875
2025-08-06,568.379638671875
2025-08-07,560.4800415039062
2025-08-08,573.5628051757812
2025-08-11,572.8338012695312
2025-08-12,573.4229736328125
2025-08-13,577.1380615234375
2025-08-14,582.9903564453125
2025-08-15,580.9330444335938
2025-08-18,583.369873046875
2025-08-19,584.738037109375
2025-08-20,591.8985595703125
2025-08-21,591.1395874023438
2025-08-22,598.1703491210938
2025-08-25,592.4279174804688
2025-08-26,590.8299560546875
2025-08-27,589.8812255859375
2025-08-28,589.7014770507812
2025-08-29,594.505126953125
2025-09-02,591.0896606445312
2025-09-03,592.497802734375
2025-09-04,594.8546752929688
2025-09-05,583.44970703125
2025-09-08,585.8265991210938
2025-09-09,583.2300415039062
2025-09-10,578.6160888671875
2025-09-11,587.9537963867188
2025-09-12,579.6447143554688
2025-09-15,582.19140625
2025-09-16,585.6467895507812
2025-09-17,597.8407592773438
2025-09-18,585.2772827148438
2025-09-19,583.3897705078125
2025-09-22,583.7193603515625
2025-09-23,569.218505859375
2025-09-24,568.06005859375
2025-09-25,566.552001953125
2025-09-26,564.3848876953125
2025-09-29,567.3909301757812
2025-09-30,568.06005859375
